Packet number,Time
1,0.0
2,0.02735321326172567
3,0.36637082432191326
4,0.39491156965129387
5,0.7041007272838253
